File,Unique_21,Unique_22,Unique_33,Unique_44,Unique_55,Unique_77,Distinct_21,Distinct_22,Distinct_33,Distinct_44,Distinct_55,Distinct_77,Total_21,Total_22,Total_33,Total_44,Total_55,Total_77,Max Count_21,Max Count_22,Max Count_33,Max Count_44,Max Count_55,Max Count_77
gCSD16_DEN_10_1,208143855.0,209218710.0,206401444.0,193325784.0,176088380.0,135892823.0,236340657.0,236664428.0,228349058.0,211428231.0,191140505.0,146025854.0,312745108.0,310137698.0,281469026.0,252827013.0,224199019.0,167040585.0,16536.0,14719.0,12372.0,10201.0,7881.0,6244.0
gCSD16_DEN_10_2,209676875.0,210783323.0,208115285.0,195050565.0,177736934.0,137254665.0,237483112.0,237816762.0,229509805.0,212545233.0,192182396.0,146859239.0,312741864.0,310134240.0,281463462.0,252820070.0,224191005.0,167034049.0,35582.0,34889.0,28843.0,24447.0,20631.0,14227.0
gCSD16_DEN_11_1,142265318.0,142783346.0,139820910.0,130258837.0,118119498.0,90513265.0,159428590.0,159516830.0,153289267.0,141471184.0,127537985.0,96978347.0,208132620.0,206395657.0,187298663.0,168220712.0,149151136.0,111065765.0,11208.0,11056.0,9206.0,7484.0,6430.0,5185.0
gCSD16_DEN_11_2,143274390.0,143804458.0,140910333.0,131360097.0,119191130.0,91433088.0,160167580.0,160257377.0,154019706.0,142178113.0,128208050.0,97536190.0,208128993.0,206391850.0,187293116.0,168213831.0,149143354.0,111059239.0,25053.0,24520.0,20062.0,16802.0,14042.0,9638.0
gCSD16_DEN_12_1,460218564.0,471285454.0,525193816.0,521601283.0,491875208.0,396896260.0,549240590.0,558173355.0,594898677.0,578659969.0,539366476.0,429949931.0,924747334.0,917360370.0,836106899.0,754883085.0,673695059.0,511458720.0,56826.0,31565.0,18353.0,12806.0,9018.0,4292.0
gCSD16_DEN_12_2,468622560.0,479761959.0,533449472.0,529094341.0,498614104.0,402299169.0,556183391.0,565099836.0,601081891.0,583963244.0,543959980.0,433450025.0,924736650.0,917349080.0,836089770.0,754862813.0,673672082.0,511438800.0,111458.0,109709.0,93467.0,80020.0,67906.0,47063.0
gCSD16_DEN_13_1,176479381.0,178779767.0,186731219.0,179876466.0,166765393.0,132222117.0,208278194.0,209812255.0,211526357.0,200326101.0,183846036.0,143937469.0,302955126.0,300508288.0,273599064.0,246705114.0,219822304.0,166108518.0,21318.0,9626.0,5547.0,3565.0,2450.0,1479.0
gCSD16_DEN_13_2,178813802.0,181128539.0,189073746.0,182120099.0,168852083.0,133936838.0,210061234.0,211588781.0,213156369.0,201797771.0,185164230.0,144967405.0,302952252.0,300505214.0,273594084.0,246699129.0,219815345.0,166102595.0,32300.0,31758.0,26886.0,23057.0,19675.0,13722.0
gCSD16_DEN_14_1,176007819.0,176522455.0,172077736.0,160122250.0,145240017.0,111665691.0,196306508.0,196321665.0,188148364.0,173596263.0,156615894.0,119539622.0,254335237.0,252229554.0,229087156.0,205975744.0,182873343.0,136727413.0,13009.0,12850.0,10769.0,8898.0,7826.0,6258.0
gCSD16_DEN_14_2,177234729.0,177766234.0,173417349.0,161494066.0,146578854.0,112828211.0,197207925.0,197227709.0,189061572.0,174492229.0,157468793.0,120255380.0,254331333.0,252225463.0,229081067.0,205968381.0,182865051.0,136720390.0,27555.0,26898.0,21388.0,17616.0,14485.0,9697.0
gCSD16_DEN_15_1,188836394.0,189111585.0,182958451.0,170114561.0,154432083.0,119360651.0,211630669.0,211523371.0,202554365.0,187460186.0,169789428.0,131095644.0,293810756.0,291412104.0,265039031.0,238688319.0,212347125.0,159719780.0,22886.0,21148.0,7119.0,5588.0,5155.0,4088.0
gCSD16_DEN_15_2,190311034.0,190624684.0,184736791.0,171995933.0,156297521.0,121004988.0,212750388.0,212663730.0,203824900.0,188758182.0,171049062.0,132177187.0,293807677.0,291408829.0,265033794.0,238682052.0,212340296.0,159714300.0,32394.0,31750.0,26126.0,21842.0,18252.0,12390.0
gCSD16_DEN_16_1,155568462.0,155930978.0,151817630.0,141627601.0,128696605.0,99123364.0,172313146.0,172370764.0,165874542.0,153607940.0,138819491.0,106096642.0,220450468.0,218632747.0,198654955.0,178706808.0,158767620.0,118932184.0,32195.0,30413.0,10191.0,2940.0,2563.0,2019.0
gCSD16_DEN_16_2,156522434.0,156911555.0,152999683.0,142869941.0,129895548.0,100144151.0,173028136.0,173098147.0,166671717.0,154394901.0,139555746.0,106705731.0,220447306.0,218629406.0,198649787.0,178700390.0,158760231.0,118926022.0,32281.0,30447.0,17615.0,14687.0,12240.0,8192.0
gCSD16_DEN_17_1,10289550.0,10324305.0,9668493.0,7176425.0,190341167.0,148954627.0,11075690.0,11094470.0,10263556.0,7550859.0,207516423.0,160669867.0,12378062.0,12353545.0,11132298.0,8058111.0,242989454.0,182623421.0,820.0,640.0,322.0,165.0,3145.0,1759.0
gCSD16_DEN_17_2,214875298.0,216841609.0,220398370.0,209434895.0,192486846.0,150715851.0,246484257.0,247609102.0,244642776.0,229223515.0,208858568.0,161718968.0,336432605.0,333681047.0,303425843.0,273195600.0,242978284.0,182613889.0,34612.0,34008.0,28554.0,24284.0,20523.0,14159.0
gCSD16_DEN_18_1,0.0,0.0,0.0,267944577.0,249055704.0,197228447.0,0.0,0.0,0.0,296895138.0,273191344.0,213836950.0,0.0,0.0,0.0,368597163.0,328151297.0,247340614.0,0.0,0.0,0.0,6789.0,4841.0,2388.0
gCSD16_DEN_18_2,0.0,0.0,279564726.0,271155712.0,252033854.0,199730042.0,0.0,0.0,313859872.0,299054957.0,275113123.0,215361670.0,0.0,0.0,409049818.0,368585487.0,328138238.0,247329618.0,0.0,0.0,44083.0,37710.0,32135.0,22334.0
gCSD16_DEN_19_1,285593803.0,290304307.0,308601746.0,298981615.0,277433607.0,218714761.0,333296118.0,336727060.0,345020366.0,328595572.0,301983326.0,235513402.0,504018962.0,499887645.0,454455480.0,409050110.0,363661827.0,272982369.0,34546.0,16103.0,9124.0,6428.0,4654.0,2508.0
gCSD16_DEN_19_2,289125559.0,293859481.0,312024721.0,302134454.0,280303176.0,221032285.0,336152404.0,339569740.0,347537646.0,330789686.0,303903564.0,236981921.0,504011096.0,499879332.0,454442724.0,409034827.0,363644711.0,272967775.0,57651.0,56724.0,48367.0,41669.0,35624.0,25034.0
gCSD16_DEN_1_1,42347715.0,36295849.0,53271465.0,15946778.0,0.0,,47099237.0,40063302.0,59121804.0,17032116.0,0.0,,57992614.0,48554132.0,71641516.0,19155292.0,0.0,,2838.0,2213.0,2905.0,810.0,0.0,
gCSD16_DEN_1_2,2054573.0,2041605.0,1882961.0,1704919.0,,,2156006.0,2141132.0,1966389.0,1776758.0,,,2362443.0,2342170.0,2126552.0,1910972.0,,,497.0,489.0,401.0,313.0,,
gCSD16_DEN_20_1,134717069.0,134743420.0,129084519.0,119345190.0,107924385.0,82515950.0,149646183.0,149402936.0,141605463.0,130052882.0,116994064.0,88667153.0,208671128.0,206900510.0,187461034.0,168073949.0,148695033.0,110005841.0,24186.0,23862.0,20014.0,16844.0,15601.0,12430.0
gCSD16_DEN_20_2,0.0,0.0,0.0,,,,0.0,0.0,0.0,,,,0.0,0.0,0.0,,,,0.0,0.0,0.0,,,
gCSD16_DEN_21_1,0.0,0.0,0.0,0.0,,,0.0,0.0,0.0,0.0,,,0.0,0.0,0.0,0.0,,,0.0,0.0,0.0,0.0,,
gCSD16_DEN_21_2,0.0,,,,,,0.0,,,,,,0.0,,,,,,0.0,,,,,
gCSD16_DEN_22_1,433867044.0,443109152.0,484700285.0,476488967.0,446213774.0,356121754.0,514679268.0,521910692.0,547585799.0,527953842.0,489065714.0,385864708.0,829699587.0,822985272.0,749132742.0,675303971.0,601503383.0,454038392.0,51506.0,27310.0,15684.0,11045.0,7905.0,4073.0
gCSD16_DEN_22_2,440046185.0,449354808.0,490948846.0,482285980.0,451475898.0,360387344.0,519787785.0,527016340.0,552269708.0,532060891.0,492649066.0,388613413.0,829690708.0,822975840.0,749117853.0,675285959.0,601482738.0,454020689.0,83959.0,82622.0,70424.0,60349.0,51278.0,35717.0
gCSD16_DEN_2_1,17396304.0,132854503.0,112504831.0,113141179.0,106071454.0,80607617.0,18515734.0,145192865.0,121199284.0,121497456.0,113579219.0,85879337.0,21640923.0,181067953.0,143633173.0,141459569.0,130674710.0,97155113.0,1343.0,11005.0,8099.0,7358.0,6323.0,5164.0
gCSD16_DEN_2_2,133369872.0,133469364.0,128254915.0,118474651.0,106866834.0,81309158.0,145832720.0,145653090.0,138350407.0,127002421.0,114087353.0,86313930.0,182595006.0,181065218.0,164249410.0,147454914.0,130668527.0,97149810.0,19667.0,19183.0,15199.0,12601.0,10448.0,6959.0
gCSD16_DEN_3_1,28861826.0,0.0,0.0,131912224.0,120595503.0,93615950.0,31529436.0,0.0,0.0,142941044.0,129767924.0,99928022.0,37570651.0,0.0,0.0,168149465.0,149574891.0,112472297.0,2668.0,0.0,0.0,11035.0,9592.0,6908.0
gCSD16_DEN_3_2,0.0,0.0,141032999.0,133146842.0,121769377.0,94610466.0,0.0,0.0,154179143.0,143741890.0,130503937.0,100525913.0,0.0,0.0,186727356.0,168144347.0,149569212.0,112467392.0,0.0,0.0,19826.0,16784.0,14173.0,9693.0
gCSD16_DEN_4_1,388391001.0,396257263.0,430276751.0,421411993.0,394038114.0,314792310.0,457354804.0,463392637.0,483195641.0,464402506.0,429588468.0,339043043.0,704101222.0,698450718.0,636300261.0,574173262.0,512069584.0,387969226.0,60466.0,30929.0,18680.0,13229.0,9453.0,4780.0
gCSD16_DEN_4_2,394008974.0,401929677.0,435848363.0,426559102.0,398728392.0,318628391.0,461890912.0,467917797.0,487254201.0,467924966.0,432660885.0,341410838.0,704092170.0,698441178.0,636286115.0,574156832.0,512051382.0,387953771.0,79148.0,77908.0,66542.0,57287.0,48909.0,34283.0
gCSD16_DEN_5_1,0.0,0.0,0.0,0.0,,,0.0,0.0,0.0,0.0,,,0.0,0.0,0.0,0.0,,,0.0,0.0,0.0,0.0,,
gCSD16_DEN_5_2,0.0,0.0,0.0,,,,0.0,0.0,0.0,,,,0.0,0.0,0.0,,,,0.0,0.0,0.0,,,
gCSD16_DEN_6_1,307621893.0,310816027.0,317203601.0,301278127.0,276264875.0,214497256.0,352914620.0,354900035.0,352137943.0,329918483.0,300062827.0,230604116.0,496740185.0,492609737.0,447200589.0,401845215.0,356509255.0,265980297.0,26212.0,18038.0,15126.0,12366.0,10792.0,8476.0
gCSD16_DEN_6_2,0.0,0.0,,,,,0.0,0.0,,,,,0.0,0.0,,,,,0.0,0.0,,,,
gCSD16_DEN_7_1,190011450.0,190813961.0,187972858.0,176401469.0,161263944.0,125961108.0,225310406.0,225517876.0,217815555.0,202367730.0,183793642.0,142148264.0,325222757.0,322521936.0,292839376.0,263199403.0,233570725.0,174385945.0,25842.0,23077.0,10453.0,7939.0,6468.0,5215.0
gCSD16_DEN_7_2,192126748.0,192972913.0,190411205.0,178904444.0,163694669.0,128025386.0,226872695.0,227099757.0,219490180.0,204016536.0,185350798.0,143421693.0,325217133.0,322516029.0,292830808.0,263189029.0,233559073.0,174376177.0,42864.0,42021.0,34615.0,28876.0,23799.0,15341.0
gCSD16_DEN_8_1,128425641.0,128430731.0,122897623.0,113489723.0,102483327.0,78062926.0,142542938.0,142295484.0,134744158.0,123621583.0,111066685.0,83880158.0,195148512.0,193481082.0,175176611.0,156930492.0,138692029.0,102282093.0,24430.0,24115.0,20189.0,16603.0,13312.0,10719.0
gCSD16_DEN_8_2,129019599.0,129052835.0,123742967.0,114442196.0,103441170.0,,143018380.0,142788170.0,135369585.0,124301544.0,111739630.0,,195145884.0,193478305.0,175172370.0,156925094.0,138685808.0,,31895.0,31127.0,24546.0,19911.0,15991.0,
gCSD16_DEN_9_1,116874728.0,117079488.0,113316709.0,104991508.0,94901534.0,72434372.0,129457694.0,129354542.0,123259358.0,113327934.0,101951336.0,77329034.0,169730108.0,168300866.0,152622667.0,137021731.0,121427741.0,90293117.0,17335.0,16636.0,11028.0,7967.0,6992.0,5489.0
gCSD16_DEN_9_2,0.0,0.0,114178704.0,105882499.0,95774167.0,73173790.0,0.0,0.0,123854691.0,113923739.0,102524243.0,77801699.0,0.0,0.0,152618891.0,137017098.0,121422533.0,90288818.0,0.0,0.0,35564.0,29198.0,23431.0,13291.0
gCSD16_NYC_10_1,1833605041.0,1860226104.0,1883733843.0,1806415489.0,1685672078.0,1367444405.0,2428302050.0,2445539670.0,2405267543.0,2262792278.0,2077124620.0,1637084829.0,3860842321.0,3829318698.0,3482648449.0,3136212673.0,2789971064.0,2098374459.0,367622.0,314289.0,95680.0,78254.0,72059.0,57923.0
gCSD16_NYC_10_2,1873379730.0,1901355689.0,1930768789.0,1854774621.0,1732880100.0,1407396926.0,2454498762.0,2472358127.0,2434499796.0,2292002517.0,2105096260.0,1660135222.0,3860317412.0,3828787878.0,3482062013.0,3135614512.0,2789399722.0,2097826717.0,351163.0,304038.0,138395.0,111365.0,91113.0,60851.0
gCSD16_NYC_11_1,351287401.0,353057915.0,350000071.0,332391858.0,308727331.0,252330984.0,505934968.0,507542496.0,502717977.0,480682049.0,450980371.0,378480271.0,2332688477.0,2313925450.0,2107538998.0,1901180272.0,1694856657.0,1282418418.0,31233.0,27263.0,12697.0,11227.0,9723.0,6903.0
gCSD16_NYC_11_2,368521404.0,370691486.0,370512502.0,354285159.0,331083720.0,273406218.0,521375922.0,523303460.0,520821007.0,499837049.0,470413296.0,396551543.0,2332539103.0,2313774071.0,2107369695.0,1901006551.0,1694690133.0,1282260007.0,71615.0,70343.0,58655.0,49821.0,42725.0,30394.0
gCSD16_NYC_12_1,1151742913.0,1165665626.0,1186311997.0,1137822338.0,1057902526.0,847421171.0,1481846687.0,1491197158.0,1477109050.0,1393076513.0,1278176203.0,1002538772.0,2471419536.0,2451115508.0,2227822505.0,2004661763.0,1781606277.0,1335994431.0,234802.0,200186.0,54746.0,38119.0,35132.0,27869.0
gCSD16_NYC_12_2,1171325632.0,1185789733.0,1209049293.0,1161081479.0,1080608303.0,866850648.0,1495378975.0,1504971615.0,1491827384.0,1407656209.0,1292132164.0,1014193806.0,2471085989.0,2450777862.0,2227446306.0,2004277326.0,1781240425.0,1335646655.0,231899.0,200394.0,71455.0,57586.0,46915.0,31140.0
gCSD16_NYC_13_1,711971715.0,716826247.0,704535521.0,660871898.0,605024987.0,475910527.0,891450566.0,893689269.0,865542109.0,807899553.0,738445087.0,581877615.0,1994255642.0,1977963842.0,1798768606.0,1619616535.0,1440514468.0,1082615460.0,61437.0,53315.0,20433.0,10079.0,8534.0,6835.0
gCSD16_NYC_13_2,728528027.0,733705299.0,723280285.0,680360292.0,624570366.0,493829192.0,904471237.0,906896043.0,879864852.0,822606620.0,753105505.0,595180726.0,1994054419.0,1977760414.0,1798544662.0,1619388114.0,1440296149.0,1082406789.0,75004.0,73492.0,60294.0,51018.0,43647.0,31165.0
gCSD16_NYC_14_1,1014051589.0,1031100373.0,1074661969.0,1034873977.0,1334753048.0,1058809885.0,1208525486.0,1220820791.0,1236187077.0,1173040061.0,1505530407.0,1179495524.0,1769929192.0,1755633988.0,1598422831.0,1441251317.0,1818238683.0,1373203094.0,102448.0,79479.0,34800.0,20959.0,18510.0,7264.0
gCSD16_NYC_14_2,1401829977.0,1430009540.0,1506901467.0,1459332583.0,1357420204.0,1078404934.0,1675984857.0,1696604051.0,1732043644.0,1650279823.0,1518970855.0,1190544452.0,2506571996.0,2486302536.0,2263357621.0,2040504372.0,1817771167.0,1372753501.0,135709.0,123235.0,63600.0,53230.0,45132.0,31712.0
gCSD16_NYC_15_1,257598224.0,258468464.0,253904488.0,239778804.0,221606199.0,178972235.0,349654337.0,350063822.0,341278531.0,322200355.0,298541298.0,243442235.0,1631986709.0,1618822367.0,1474020705.0,1329235827.0,1184472702.0,895088768.0,19989.0,17312.0,5715.0,4085.0,3659.0,2797.0
gCSD16_NYC_15_2,,,,,235572073.0,,,,,,310535002.0,,,,,,1184360746.0,,,,,,30355.0,
gCSD16_NYC_16_1,1722845797.0,1742924228.0,1730756970.0,1628069158.0,1489728187.0,1159676656.0,2115614544.0,2126109588.0,2059751297.0,1911306363.0,1731182485.0,1326353013.0,2966419170.0,2941578333.0,2668380936.0,2395339970.0,2122469391.0,1577621124.0,245476.0,214496.0,104269.0,84900.0,68074.0,41685.0
gCSD16_NYC_16_2,577378360.0,659272962.0,633376309.0,,,,671673096.0,769734471.0,726971298.0,,,,853324320.0,981184205.0,883918434.0,,,,72150.0,73780.0,30901.0,,,
gCSD16_NYC_17_1,1302006095.0,1317971622.0,1319219134.0,1243232094.0,1136175156.0,878602081.0,1556187459.0,1565419417.0,1529674996.0,1423581719.0,1289598520.0,984712388.0,2145118449.0,2127140417.0,1929400970.0,1731748941.0,1534229063.0,1140016462.0,203476.0,178261.0,97079.0,61234.0,44039.0,22683.0
gCSD16_NYC_17_2,1320290296.0,1336648260.0,1338719600.0,1262411983.0,1154594566.0,894459999.0,1568637288.0,1577965219.0,1541731590.0,1434870759.0,1300129518.0,993472646.0,2144789025.0,2126807324.0,1929033695.0,1731374707.0,1533873166.0,1139678411.0,214049.0,190175.0,85261.0,52692.0,43845.0,30745.0
gCSD16_NYC_18_1,954321800.0,964333877.0,972999872.0,925404897.0,853511300.0,674346301.0,1183703127.0,1189984396.0,1172968756.0,1101945092.0,1008121158.0,788754213.0,2518168754.0,2497668042.0,2272190581.0,2046797741.0,1821483990.0,1371258519.0,146185.0,125869.0,39076.0,20508.0,17484.0,13995.0
gCSD16_NYC_18_2,973245630.0,983653186.0,994182921.0,946928189.0,874689536.0,693183755.0,1198228281.0,1204709677.0,1188538360.0,1117499013.0,1023306654.0,802164960.0,2517886836.0,2497382768.0,2271873518.0,2046472620.0,1821173138.0,1370961131.0,138851.0,120711.0,69527.0,57778.0,48497.0,33584.0
gCSD16_NYC_19_1,0.0,1247651865.0,1266890547.0,0.0,,,0.0,1526970365.0,1510762537.0,0.0,,,0.0,2226138262.0,2021646316.0,0.0,,,0.0,177235.0,53790.0,0.0,,
gCSD16_NYC_19_2,0.0,0.0,1285834053.0,1226700600.0,1132706110.0,892408580.0,0.0,0.0,1522628361.0,1430205806.0,1305435967.0,1010690277.0,0.0,0.0,2021270483.0,1816872134.0,1612601827.0,1204532185.0,0.0,0.0,59792.0,44047.0,36080.0,24154.0
gCSD16_NYC_1_1,0.0,0.0,985598187.0,955608866.0,889708625.0,708186234.0,0.0,0.0,1153949698.0,1100661933.0,1014012920.0,796574431.0,0.0,0.0,1624096277.0,1464486578.0,1304945984.0,986172760.0,0.0,0.0,65914.0,44081.0,31818.0,17854.0
gCSD16_NYC_1_2,936596192.0,952052551.0,1001193063.0,970636545.0,904041148.0,720591547.0,1130448880.0,1142090852.0,1164285160.0,1110027827.0,1022634479.0,803731350.0,1797984753.0,1783465891.0,1623773099.0,1464156448.0,1304628546.0,985867495.0,160035.0,144573.0,71001.0,49440.0,36721.0,33558.0
gCSD16_NYC_20_1,0.0,103267199.0,176905330.0,0.0,759670854.0,597586439.0,0.0,121869778.0,208212006.0,0.0,895523037.0,703480252.0,0.0,167014877.0,289511792.0,0.0,1372271617.0,1034454895.0,0.0,6120.0,5295.0,0.0,10915.0,5665.0
gCSD16_NYC_20_2,0.0,0.0,0.0,0.0,0.0,,0.0,0.0,0.0,0.0,0.0,,0.0,0.0,0.0,0.0,0.0,,0.0,0.0,0.0,0.0,0.0,
gCSD16_NYC_21_1,874351427.0,886037146.0,912965718.0,877351247.0,814576132.0,651032826.0,1097880003.0,1106310373.0,1111743559.0,1057265113.0,977118788.0,780230091.0,2954545630.0,2930642224.0,2667718591.0,2404846294.0,2142042153.0,1616813775.0,85800.0,75889.0,30093.0,17563.0,10932.0,4457.0
gCSD16_NYC_21_2,897920568.0,910108483.0,939549640.0,904744020.0,841988710.0,676297445.0,1117859982.0,1126593727.0,1133545840.0,1079468273.0,999207782.0,800415334.0,2954243015.0,2930335933.0,2667378660.0,2404498632.0,2141709461.0,1616495884.0,96139.0,94233.0,77570.0,65751.0,56390.0,40275.0
gCSD16_NYC_22_1,1313965888.0,1328498490.0,1329594366.0,1257368404.0,1155058064.0,907038342.0,1594396475.0,1602415226.0,1565145828.0,1460808926.0,1329383220.0,1029191899.0,2256365540.0,2237846619.0,2034170805.0,1830594029.0,1627118125.0,1220646635.0,165770.0,144017.0,61582.0,35069.0,24423.0,13550.0
gCSD16_NYC_22_2,1329697252.0,1344511369.0,1346412984.0,1274008245.0,1171103495.0,920737917.0,1605006224.0,1613087252.0,1575571917.0,1470691959.0,1338669804.0,1036856410.0,2256022015.0,2237499181.0,2033786127.0,1830200794.0,1626743714.0,1220289100.0,168879.0,148754.0,73103.0,59848.0,49482.0,33256.0
gCSD16_NYC_23_1,0.0,,,0.0,,,0.0,,,0.0,,,0.0,,,0.0,,,0.0,,,0.0,,
gCSD16_NYC_23_2,1137270464.0,1152085752.0,1177941721.0,1129554022.0,1049078034.0,841384955.0,1398375641.0,1408581501.0,1407491103.0,1335981135.0,1234249066.0,986793805.0,3120932212.0,3095788491.0,2819233536.0,2542785944.0,2266455889.0,1714245834.0,144730.0,126906.0,94881.0,81104.0,69965.0,50525.0
gCSD16_NYC_24_1,312273965.0,313397580.0,308352830.0,291962937.0,270714659.0,220797070.0,423786457.0,424656753.0,418014060.0,398914285.0,373912367.0,313109546.0,1879047600.0,1863933106.0,1697679305.0,1531447958.0,1365243421.0,1032997554.0,31036.0,26790.0,8297.0,4294.0,2654.0,1935.0
gCSD16_NYC_24_2,326642104.0,328099205.0,325559213.0,310467123.0,289721714.0,238900588.0,436823265.0,437971750.0,433446110.0,415384534.0,390730512.0,328910238.0,1878908258.0,1863791963.0,1697521271.0,1531285414.0,1365087655.0,1032849692.0,54020.0,53048.0,44172.0,37755.0,32599.0,23366.0
gCSD16_NYC_25_1,0.0,0.0,621205967.0,0.0,0.0,,0.0,0.0,720187193.0,0.0,0.0,,0.0,0.0,915833206.0,0.0,0.0,,0.0,0.0,22477.0,0.0,0.0,
gCSD16_NYC_25_2,1114865892.0,1128317946.0,1143662621.0,1087599699.0,1001161228.0,785417801.0,1337109083.0,1345579337.0,1329798859.0,1247338060.0,1137324410.0,880396308.0,1918992789.0,1903223540.0,1729795139.0,1556473074.0,1383258233.0,1037256190.0,148296.0,130869.0,54421.0,44660.0,37113.0,25359.0
gCSD16_NYC_26_1,397109813.0,311614749.0,239274782.0,212810755.0,,,465318739.0,362467967.0,273006508.0,240599023.0,,,608416557.0,462312793.0,329209174.0,283329436.0,,,41489.0,28108.0,7452.0,4339.0,,
gCSD16_NYC_26_2,1088930635.0,1099577652.0,1089855740.0,1026481074.0,941692030.0,739798387.0,1317195029.0,1322508296.0,1282684275.0,1194433586.0,1086800949.0,843114192.0,1903027626.0,1887338367.0,1714781545.0,1542316810.0,1369951439.0,1025690105.0,127234.0,111444.0,54086.0,44404.0,36903.0,24950.0
gCSD16_NYC_2_1,527193066.0,530720985.0,526494769.0,496685754.0,455717078.0,357591037.0,640094523.0,641943137.0,625199933.0,583864742.0,531971198.0,413667087.0,1298458520.0,1287866649.0,1171367055.0,1054912613.0,938500381.0,705861930.0,244531.0,242873.0,222024.0,117035.0,106076.0,84887.0
gCSD16_NYC_2_2,0.0,0.0,0.0,0.0,466243333.0,366953669.0,0.0,0.0,0.0,0.0,538992103.0,419832727.0,0.0,0.0,0.0,0.0,938335795.0,705703750.0,0.0,0.0,0.0,0.0,247571.0,233529.0
gCSD16_NYC_3_1,0.0,0.0,0.0,553510993.0,509728557.0,404453577.0,0.0,0.0,0.0,668897498.0,612022844.0,481754501.0,0.0,0.0,0.0,1611795893.0,1434995667.0,1081655694.0,0.0,0.0,0.0,253033.0,211083.0,141763.0
gCSD16_NYC_3_2,0.0,0.0,0.0,0.0,,,0.0,0.0,0.0,0.0,,,0.0,0.0,0.0,0.0,,,0.0,0.0,0.0,0.0,,
gCSD16_NYC_4_1,0.0,0.0,0.0,0.0,,,0.0,0.0,0.0,0.0,,,0.0,0.0,0.0,0.0,,,0.0,0.0,0.0,0.0,,
gCSD16_NYC_4_2,952546272.0,966862190.0,1003667363.0,964596868.0,891983808.0,700384829.0,1144232627.0,1154557969.0,1164284469.0,1101864317.0,1008775200.0,782018438.0,1731893911.0,1717558629.0,1559888274.0,1402295642.0,1244796058.0,930212660.0,131350.0,117295.0,50837.0,39449.0,33494.0,23620.0
gCSD16_NYC_5_1,1647371299.0,1669748800.0,1689164687.0,,1494048192.0,216061332.0,2117666862.0,2132038944.0,2098691138.0,,1798951239.0,253996846.0,3265934740.0,3238752961.0,2939827504.0,,2342526590.0,317403902.0,299428.0,254891.0,69812.0,,42194.0,30454.0
gCSD16_NYC_5_2,1676529918.0,1699759837.0,1722811925.0,,1527267622.0,79536721.0,2136969960.0,2151698846.0,2119504125.0,,1818391467.0,92399730.0,3265486252.0,3238298830.0,2939320795.0,,2342032176.0,114116625.0,285547.0,245567.0,107476.0,,71614.0,29442.0
gCSD16_NYC_6_1,1487431121.0,1518657780.0,1632213740.0,,,,2156387034.0,2182655386.0,2241271009.0,,,,3907911890.0,3875779250.0,3522349558.0,,,,515895.0,439564.0,114991.0,,,
gCSD16_NYC_6_2,1525153525.0,1557640557.0,1677991691.0,1672393967.0,,1348377679.0,2182630051.0,2209482705.0,2270896235.0,2191341434.0,,1641648893.0,3907414084.0,3875275273.0,3521787672.0,3168502029.0,,2110244241.0,431584.0,364937.0,95837.0,78886.0,,46444.0
gCSD16_NYC_7_1,727663160.0,732936835.0,730569984.0,695919380.0,647452888.0,528306522.0,1058816624.0,1062098587.0,1041321636.0,985279634.0,914013432.0,746384032.0,3322447841.0,3295539708.0,2999588341.0,2703718024.0,2407916294.0,1816761569.0,83343.0,71200.0,45168.0,41278.0,37747.0,29685.0
gCSD16_NYC_7_2,747718087.0,753497350.0,754432028.0,721128950.0,672810437.0,551301266.0,1075528346.0,1079166175.0,1060750770.0,1005568547.0,934271963.0,764548526.0,3322213963.0,3295302430.0,2999319650.0,2703441691.0,2407653205.0,1816512858.0,112822.0,110039.0,86851.0,71642.0,59992.0,41745.0
gCSD16_NYC_8_1,1704614975.0,1734826498.0,1809943684.0,1761347948.0,1655870425.0,,2259351806.0,2281769591.0,2300128388.0,2190754608.0,2024489588.0,,3681825878.0,3652035128.0,3324367873.0,2996891705.0,2669620319.0,,422859.0,362259.0,104179.0,51406.0,27032.0,
gCSD16_NYC_8_2,0.0,1780000768.0,1860653875.0,1812778242.0,1705721827.0,1394309952.0,0.0,2312608441.0,2332462134.0,2222232784.0,2054212960.0,1631207878.0,0.0,3651457222.0,3323735091.0,2996246227.0,2669001553.0,2015331685.0,0.0,348828.0,117139.0,85623.0,71919.0,49762.0
gCSD16_NYC_9_1,1616866557.0,1638201428.0,1653772661.0,1570018311.0,1445279268.0,1135928674.0,1989408518.0,2002532740.0,1969613990.0,1843385394.0,1679533004.0,1299705815.0,2968415103.0,2943802033.0,2673149007.0,2402668579.0,2132318626.0,1592387316.0,165164.0,143267.0,90599.0,74422.0,65784.0,53303.0
gCSD16_NYC_9_2,1640417738.0,1662277823.0,1679563387.0,1595712236.0,1470165457.0,1157290913.0,2005598609.0,2018885547.0,1985959559.0,1859020783.0,1694311352.0,1311986196.0,2967994885.0,2943376727.0,2672676965.0,2402187030.0,2131861084.0,1591952872.0,165979.0,145914.0,98493.0,79835.0,65376.0,51948.0
gCSD16_SAC_10_1,311077471.0,311477605.0,295008216.0,163578904.0,147136698.0,187548823.0,351533397.0,350755580.0,328064601.0,179400386.0,160947890.0,205950950.0,413337416.0,410026915.0,373615312.0,199317163.0,177794452.0,228153077.0,19868.0,18104.0,8493.0,2780.0,1702.0,1174.0
gCSD16_SAC_10_2,312233709.0,312653770.0,296367601.0,272143794.0,245433933.0,188920129.0,352236995.0,351463868.0,328842876.0,300283949.0,269861615.0,206700634.0,413349581.0,410039477.0,373631910.0,337237749.0,300857625.0,228170257.0,23108.0,21295.0,11338.0,7489.0,5078.0,2887.0
gCSD16_SAC_11_1,299920099.0,300033615.0,281346838.0,256761651.0,230551824.0,176137530.0,338555563.0,337551457.0,313468554.0,285038837.0,255371727.0,194505679.0,394439592.0,391258467.0,356272288.0,321307941.0,286361916.0,216562573.0,20819.0,18938.0,10370.0,6091.0,3642.0,1516.0
gCSD16_SAC_11_2,300805161.0,300945039.0,19170922.0,0.0,231897445.0,,339092944.0,338099936.0,20804175.0,0.0,256118452.0,,394450913.0,391270170.0,22673050.0,0.0,286379559.0,,22736.0,20793.0,701.0,0.0,4036.0,
gCSD16_SAC_12_1,0.0,271786673.0,255453982.0,233782841.0,210467543.0,161728933.0,0.0,304037097.0,283027537.0,257992035.0,231681311.0,177424467.0,0.0,351420382.0,320340712.0,289281412.0,258236625.0,196205498.0,0.0,16110.0,8261.0,5254.0,3411.0,1515.0
gCSD16_SAC_12_2,80452016.0,80115569.0,0.0,0.0,211739556.0,162927268.0,88095649.0,87605266.0,0.0,0.0,232379468.0,178071204.0,98278135.0,97494287.0,0.0,0.0,258252209.0,196219354.0,5586.0,5201.0,0.0,0.0,4806.0,2198.0
gCSD16_SAC_13_1,0.0,0.0,0.0,0.0,0.0,,0.0,0.0,0.0,0.0,0.0,,0.0,0.0,0.0,0.0,0.0,,0.0,0.0,0.0,0.0,0.0,
gCSD16_SAC_13_2,367041420.0,368039939.0,348833054.0,320658943.0,289670187.0,223792050.0,420196129.0,419548973.0,392346020.0,358432541.0,322396763.0,247430588.0,499913913.0,495914681.0,451929604.0,407965452.0,364016986.0,276189090.0,19097.0,17194.0,7397.0,5302.0,4019.0,2311.0
gCSD16_SAC_14_1,0.0,0.0,0.0,0.0,,,0.0,0.0,0.0,0.0,,,0.0,0.0,0.0,0.0,,,0.0,0.0,0.0,0.0,,
gCSD16_SAC_14_2,54599871.0,0.0,,,,,60562875.0,0.0,,,,,69190580.0,0.0,,,,,2940.0,0.0,,,,
gCSD16_SAC_15_1,0.0,0.0,0.0,,,,0.0,0.0,0.0,,,,0.0,0.0,0.0,,,,0.0,0.0,0.0,,,
gCSD16_SAC_15_2,274997728.0,274884202.0,260742692.0,239791485.0,216296921.0,166052578.0,308796339.0,307951357.0,289045154.0,264416021.0,237664206.0,181554561.0,368274362.0,365298268.0,332565799.0,299849262.0,267148034.0,201820143.0,36140.0,32190.0,13132.0,7941.0,5170.0,2218.0
gCSD16_SAC_16_1,0.0,0.0,211793244.0,193864856.0,174618606.0,134357448.0,0.0,0.0,237071159.0,215816207.0,193661619.0,148186958.0,0.0,0.0,267828348.0,241827768.0,215836827.0,163894227.0,0.0,0.0,4033.0,2581.0,1729.0,752.0
gCSD16_SAC_16_2,0.0,0.0,0.0,0.0,,,0.0,0.0,0.0,0.0,,,0.0,0.0,0.0,0.0,,,0.0,0.0,0.0,0.0,,
gCSD16_SAC_1_1,334752246.0,336322593.0,319917583.0,294223664.0,265855874.0,205465671.0,392554308.0,392328917.0,367104855.0,335150619.0,301300647.0,231092151.0,473832234.0,470036896.0,428289884.0,386554243.0,344837590.0,261518924.0,23575.0,22235.0,13248.0,7837.0,4825.0,1922.0
gCSD16_SAC_1_2,0.0,0.0,0.0,296150264.0,267771306.0,207225659.0,0.0,0.0,0.0,336219134.0,302353200.0,232046121.0,0.0,0.0,0.0,386574051.0,344858028.0,261537287.0,0.0,0.0,0.0,7333.0,4322.0,1683.0
gCSD16_SAC_2_1,0.0,0.0,240594562.0,222036826.0,200931468.0,154987573.0,0.0,0.0,276440836.0,253238206.0,227887477.0,174207857.0,0.0,0.0,330289752.0,297415706.0,264556735.0,198925294.0,0.0,0.0,11946.0,6312.0,3662.0,1451.0
gCSD16_SAC_2_2,0.0,253354282.0,241930790.0,0.0,202388538.0,156292971.0,0.0,294446821.0,277223820.0,0.0,228714160.0,174935915.0,0.0,363188927.0,330303258.0,0.0,264572262.0,198939143.0,0.0,41721.0,15496.0,0.0,5390.0,2511.0
gCSD16_SAC_3_1,0.0,0.0,0.0,0.0,0.0,,0.0,0.0,0.0,0.0,0.0,,0.0,0.0,0.0,0.0,0.0,,0.0,0.0,0.0,0.0,0.0,
gCSD16_SAC_3_2,0.0,0.0,0.0,,,,0.0,0.0,0.0,,,,0.0,0.0,0.0,,,,0.0,0.0,0.0,,,
gCSD16_SAC_4_1,330814543.0,331372448.0,317611709.0,294320715.0,267524390.0,208792663.0,391409701.0,390682581.0,368078712.0,337985895.0,305195509.0,235691923.0,492368823.0,488410790.0,444877943.0,401365351.0,357871331.0,270979281.0,21905.0,20324.0,11331.0,7436.0,4862.0,2000.0
gCSD16_SAC_4_2,332573754.0,333168159.0,319682628.0,296490746.0,269703213.0,210772382.0,392506519.0,391791449.0,369292372.0,339229022.0,306428045.0,236786230.0,492381780.0,488424183.0,444895667.0,401385217.0,357891865.0,270997465.0,23760.0,22117.0,12483.0,8415.0,5818.0,2642.0
gCSD16_SAC_5_1,0.0,0.0,0.0,,,,0.0,0.0,0.0,,,,0.0,0.0,0.0,,,,0.0,0.0,0.0,,,
gCSD16_SAC_5_2,404804973.0,408040223.0,390531802.0,359844504.0,325494430.0,252034507.0,470345371.0,470970750.0,442313181.0,404258140.0,363689370.0,279420255.0,560825232.0,556360234.0,507247374.0,458145895.0,409061277.0,310994553.0,12017.0,11602.0,8627.0,6968.0,5642.0,3779.0
gCSD16_SAC_6_1,342410214.0,343855180.0,325078517.0,297981473.0,268626469.0,207019016.0,391859169.0,391526225.0,365168497.0,332864563.0,298963257.0,229177555.0,459792880.0,456122760.0,415780233.0,375514769.0,335276735.0,254875353.0,10775.0,9676.0,6139.0,5445.0,4500.0,2637.0
gCSD16_SAC_7_1,193188540.0,192721605.0,179476154.0,163598912.0,146924481.0,112455007.0,216717260.0,215701643.0,199330441.0,181069881.0,162215413.0,123679301.0,248893611.0,246891784.0,224874116.0,202866095.0,180868034.0,136926377.0,19606.0,18337.0,10932.0,7499.0,5183.0,2519.0
gCSD16_SAC_7_2,133525271.0,160905826.0,111971951.0,109892498.0,96531324.0,113271018.0,148219406.0,179004671.0,122992351.0,120489336.0,105554128.0,124122209.0,167785767.0,203256867.0,136759756.0,133410143.0,116321299.0,136936414.0,12456.0,15396.0,6181.0,4587.0,3296.0,2876.0
gCSD16_SAC_8_1,121814349.0,0.0,268330825.0,245931271.0,9880743.0,,135521712.0,0.0,301909511.0,275070503.0,10641291.0,,152313366.0,0.0,343686151.0,310452540.0,11455708.0,,3462.0,0.0,5806.0,4791.0,205.0,
gCSD16_SAC_8_2,283729264.0,285068298.0,269839826.0,247539140.0,223375333.0,172574806.0,324938360.0,324693680.0,302732425.0,275939499.0,247911422.0,190260037.0,380008999.0,376981583.0,343700253.0,310468272.0,277252789.0,210868580.0,14391.0,13970.0,10639.0,8435.0,6609.0,3654.0
gCSD16_SAC_9_1,307960101.0,308656129.0,0.0,0.0,,,351195238.0,350548482.0,0.0,0.0,,,413675739.0,410369366.0,0.0,0.0,,,15707.0,14234.0,0.0,0.0,,
gCSD16_SAC_9_2,309000195.0,309724745.0,293699713.0,269780753.0,243465617.0,187751757.0,351859376.0,351221846.0,328360229.0,299769686.0,269442704.0,206571188.0,413686188.0,410380145.0,374014729.0,337656381.0,301310463.0,228692571.0,17134.0,15656.0,8183.0,5420.0,3685.0,2031.0
gCSD17_BAL_10_1,,143968789.0,,,,,,174424474.0,,,,,,228356073.0,,,,,,25491.0,,,,
gCSD17_BAL_10_2,0.0,144864151.0,137444949.0,126251663.0,113228116.0,85304331.0,0.0,174951879.0,164128943.0,149627019.0,133415636.0,99626523.0,0.0,228370991.0,205895361.0,183486681.0,161271081.0,118278961.0,0.0,27632.0,23499.0,20259.0,17366.0,12404.0
gCSD17_BAL_11_1,0.0,0.0,94750539.0,87090274.0,78416884.0,59935114.0,0.0,0.0,115499265.0,105242009.0,94092992.0,71063641.0,0.0,0.0,148220048.0,132273738.0,116509816.0,86056924.0,0.0,0.0,13472.0,11775.0,10160.0,7190.0
gCSD17_BAL_11_2,101296427.0,98477619.0,,,,,124708014.0,120779975.0,,,,,165717691.0,159223351.0,,,,,32586.0,30768.0,,,,
gCSD17_BAL_12_1,205776836.0,205940865.0,197263774.0,182462462.0,164793689.0,126136764.0,268296689.0,267772785.0,252740953.0,231482085.0,207432082.0,156814456.0,387026354.0,383604396.0,345997320.0,308581814.0,271621573.0,200377940.0,38915.0,35887.0,15852.0,7158.0,4078.0,1747.0
gCSD17_BAL_12_2,0.0,0.0,0.0,0.0,,,0.0,0.0,0.0,0.0,,,0.0,0.0,0.0,0.0,,,0.0,0.0,0.0,0.0,,
gCSD17_BAL_13_1,187163092.0,186853889.0,176659360.0,162066288.0,145506900.0,110402658.0,229255117.0,228420985.0,213501120.0,194371255.0,173475518.0,130441053.0,300171413.0,297543387.0,268653639.0,239897408.0,211472156.0,156516485.0,20057.0,18238.0,7052.0,3591.0,3067.0,1448.0
gCSD17_BAL_13_2,188896276.0,188640345.0,178821533.0,164397083.0,147864583.0,112606980.0,230299251.0,229491991.0,214755889.0,195703424.0,174811343.0,131680036.0,300203566.0,297576927.0,268701474.0,239950266.0,211524284.0,156565081.0,45205.0,44548.0,38497.0,33558.0,29036.0,20865.0
gCSD17_BAL_14_2,87721615.0,87659825.0,83232653.0,76673848.0,69123709.0,52896909.0,111360687.0,110948421.0,103463979.0,94153675.0,84083407.0,63401242.0,149509087.0,148165984.0,133438894.0,118868710.0,104554131.0,77113417.0,35413.0,34927.0,30421.0,26648.0,23246.0,17036.0
gCSD17_BAL_1_1,0.0,0.0,0.0,0.0,,,0.0,0.0,0.0,0.0,,,0.0,0.0,0.0,0.0,,,0.0,0.0,0.0,0.0,,
gCSD17_BAL_1_2,191306400.0,191360185.0,183366017.0,169145890.0,151904755.0,114319248.0,240970338.0,240456434.0,227086540.0,207440667.0,184924783.0,137630398.0,340607788.0,337478738.0,303080325.0,268848065.0,235082553.0,170530184.0,42783.0,42118.0,36164.0,31475.0,27190.0,19548.0
gCSD17_BAL_2_1,0.0,0.0,0.0,0.0,,,0.0,0.0,0.0,0.0,,,0.0,0.0,0.0,0.0,,,0.0,0.0,0.0,0.0,,
gCSD17_BAL_2_2,212364254.0,212669963.0,205891718.0,191690799.0,173823739.0,133758665.0,273762242.0,273446566.0,260484258.0,239836178.0,215619055.0,163764000.0,397573638.0,394097045.0,355874063.0,317797857.0,280135698.0,207338838.0,49650.0,48834.0,41471.0,35722.0,30630.0,21773.0
gCSD17_BAL_3_1,218173824.0,218136080.0,207293500.0,190338074.0,170814118.0,129351400.0,281060650.0,280202701.0,261975374.0,238043650.0,211920678.0,158466955.0,391744460.0,388160216.0,348771960.0,309652581.0,271218965.0,198032623.0,16075.0,14751.0,8687.0,7013.0,5657.0,3538.0
gCSD17_BAL_3_2,220595694.0,220627151.0,210247590.0,193476804.0,173959980.0,132256732.0,282519382.0,281695520.0,263687658.0,239833066.0,213699122.0,160096519.0,391767505.0,388184483.0,348808891.0,309694490.0,271260017.0,198070622.0,52909.0,52132.0,45023.0,39236.0,33923.0,24350.0
gCSD17_BAL_4_1,1742347.0,44067980.0,42374741.0,39290879.0,7406672.0,26852255.0,1996990.0,52772859.0,50258498.0,46251366.0,8512555.0,31190918.0,2398627.0,70668902.0,63731571.0,56843459.0,9936714.0,36969055.0,856.0,27739.0,20932.0,16501.0,2694.0,7375.0
gCSD17_BAL_4_2,0.0,0.0,41944030.0,39201957.0,35534095.0,27072379.0,0.0,0.0,49927408.0,46155459.0,41512245.0,31335218.0,0.0,0.0,63739171.0,56851979.0,50063442.0,36976564.0,0.0,0.0,22756.0,18259.0,14506.0,8841.0
gCSD17_BAL_5_1,,,67919413.0,62724334.0,56811641.0,44126070.0,,,90421801.0,82424070.0,73831294.0,56197578.0,,,128271304.0,113962530.0,100021467.0,73552643.0,,,6665.0,3268.0,2013.0,1170.0
gCSD17_BAL_5_2,71874714.0,71851070.0,68687131.0,63717327.0,57897363.0,45169812.0,97388986.0,97051615.0,90834905.0,82978861.0,74448266.0,56798939.0,144177140.0,142846879.0,128282713.0,113975423.0,100034025.0,73564095.0,23409.0,23097.0,20114.0,17528.0,15113.0,10680.0
gCSD17_BAL_6_1,4106739.0,65048417.0,61188846.0,56285499.0,,,4702939.0,87543658.0,81144015.0,73840748.0,,,5422470.0,126686797.0,114064073.0,101756308.0,,,598.0,8818.0,6211.0,4257.0,,
gCSD17_BAL_6_2,65621971.0,65534466.0,62016794.0,57304551.0,52071963.0,40839020.0,88157474.0,87779205.0,81586536.0,74401508.0,66839936.0,51318603.0,127851517.0,126693619.0,114074635.0,101768430.0,89702154.0,66532330.0,28643.0,28278.0,24673.0,21470.0,18470.0,12934.0
gCSD17_BAL_7_1,83260147.0,0.0,121205871.0,112934115.0,103051095.0,81023626.0,110317187.0,0.0,163288659.0,150292923.0,135744265.0,104783910.0,158276405.0,0.0,240756332.0,215082357.0,189809118.0,141032885.0,48924.0,0.0,28193.0,6627.0,3940.0,2278.0
gCSD17_BAL_7_2,127568746.0,127780185.0,123447628.0,115395821.0,105558522.0,83370327.0,174294316.0,173979885.0,164706535.0,151813266.0,137269997.0,106179803.0,269098316.0,266731342.0,240777678.0,215106786.0,189833256.0,141055306.0,83556.0,59262.0,51300.0,44772.0,38653.0,27564.0
gCSD17_BAL_8_1,153068130.0,153327268.0,147893464.0,137946669.0,125885574.0,98792944.0,215581510.0,215237673.0,203949146.0,188059303.0,170065055.0,131386658.0,358268982.0,355139287.0,320755859.0,286543786.0,252665516.0,186889217.0,17489.0,16141.0,7467.0,3509.0,2701.0,1615.0
gCSD17_BAL_8_2,0.0,0.0,0.0,0.0,0.0,,0.0,0.0,0.0,0.0,0.0,,0.0,0.0,0.0,0.0,0.0,,0.0,0.0,0.0,0.0,0.0,
gCSD17_BAL_9_1,59400643.0,137079602.0,129516625.0,119006759.0,107327675.0,82694824.0,74472279.0,181637954.0,169245959.0,154104771.0,137932343.0,104780993.0,97198865.0,263328501.0,237169293.0,211287796.0,185850586.0,137016635.0,5642.0,14196.0,6514.0,3786.0,3485.0,2303.0
gCSD17_BAL_9_2,0.0,0.0,0.0,120907792.0,,,0.0,0.0,0.0,155205824.0,,,0.0,0.0,0.0,211313838.0,,,0.0,0.0,0.0,33440.0,,
gCSD17_DEN_10_1,240263530.0,241229367.0,235329472.0,217849322.0,196009837.0,148288684.0,285421584.0,285563346.0,273090493.0,250206052.0,223605924.0,167590636.0,381998797.0,378526729.0,340375460.0,302504517.0,265314480.0,194305495.0,16282.0,15024.0,7643.0,4479.0,3424.0,1994.0
gCSD17_DEN_10_2,241288723.0,242287635.0,236661398.0,219346438.0,197593428.0,149865290.0,286063646.0,286219336.0,273858281.0,251049000.0,224493544.0,168482543.0,381990554.0,378518879.0,340372079.0,302505567.0,265317914.0,194308229.0,42128.0,41537.0,36350.0,32194.0,28330.0,21147.0
gCSD17_DEN_11_1,0.0,20728488.0,0.0,96326016.0,,,0.0,24870799.0,0.0,117290669.0,,,0.0,32227151.0,0.0,169937502.0,,,0.0,7811.0,0.0,8142.0,,
gCSD17_DEN_12_1,0.0,0.0,0.0,0.0,0.0,,0.0,0.0,0.0,0.0,0.0,,0.0,0.0,0.0,0.0,0.0,,0.0,0.0,0.0,0.0,0.0,
gCSD17_DEN_13_1,0.0,0.0,0.0,84889386.0,76997608.0,,0.0,0.0,0.0,95737813.0,86239062.0,,0.0,0.0,0.0,117162977.0,102829420.0,,0.0,0.0,0.0,5086.0,2756.0,
gCSD17_DEN_13_2,91885370.0,92152017.0,90676427.0,85115086.0,77345753.0,59035516.0,105943093.0,106060341.0,103100801.0,95893249.0,86487869.0,65318156.0,147664292.0,146333737.0,131708684.0,117164008.0,102831198.0,75350275.0,64350.0,61363.0,19990.0,12414.0,10923.0,8246.0
gCSD17_DEN_14_1,174653984.0,174500190.0,164950144.0,150895094.0,134976699.0,101557595.0,210680301.0,210017072.0,196389844.0,178500570.0,158893973.0,118648862.0,285700185.0,283077565.0,254357537.0,225897355.0,197902567.0,144327317.0,16262.0,14765.0,5261.0,3888.0,3635.0,2206.0
gCSD17_DEN_14_2,175998649.0,175883095.0,166677426.0,152832109.0,136982423.0,103446245.0,211490536.0,210846575.0,197388701.0,179593336.0,160012127.0,119691993.0,285695689.0,283073379.0,254356680.0,225898976.0,197904305.0,144329233.0,27690.0,27087.0,22182.0,18963.0,16188.0,11536.0
gCSD17_DEN_15_1,264828757.0,265058670.0,254991527.0,235644379.0,211942480.0,159926024.0,313672517.0,313237814.0,297721412.0,273233646.0,244624138.0,183879571.0,470828171.0,466512756.0,419101409.0,372064908.0,325893436.0,237835444.0,36838.0,35176.0,10333.0,3133.0,2153.0,1635.0
gCSD17_DEN_15_2,266939914.0,267225474.0,257576984.0,238410631.0,214731674.0,162518953.0,315129274.0,314723565.0,299390775.0,274957136.0,246332365.0,185444418.0,470819309.0,466504476.0,419099017.0,372067270.0,325898407.0,237838823.0,47590.0,46767.0,40055.0,35083.0,30716.0,22960.0
gCSD17_DEN_16_1,194374552.0,194633226.0,185306671.0,169724702.0,151991198.0,114790872.0,233937454.0,233435446.0,218583981.0,198394698.0,176483593.0,131872168.0,303015975.0,300242595.0,269833990.0,239726388.0,210204516.0,153886552.0,10495.0,10107.0,7821.0,6721.0,6356.0,4296.0
gCSD17_DEN_16_2,137995411.0,137965268.0,130653723.0,0.0,153722778.0,116473176.0,162251183.0,161737558.0,150798508.0,0.0,177404673.0,132781942.0,202872738.0,201015810.0,180661559.0,0.0,210205467.0,153887118.0,18092.0,17792.0,15244.0,0.0,23016.0,16866.0
gCSD17_DEN_17_1,0.0,0.0,87318631.0,80074587.0,71967328.0,54966538.0,0.0,0.0,104745028.0,94883943.0,84389276.0,63217156.0,0.0,0.0,133024640.0,117581686.0,102553919.0,74303026.0,0.0,0.0,13622.0,12958.0,12585.0,9899.0
gCSD17_DEN_17_2,92450426.0,22894569.0,7566344.0,7487707.0,72398864.0,55407815.0,113126242.0,25563645.0,8177084.0,8070061.0,84586916.0,63443418.0,150171745.0,29304513.0,8923931.0,8766185.0,102556363.0,74305809.0,32470.0,3487.0,1019.0,1092.0,15704.0,10584.0
gCSD17_DEN_18_1,144301294.0,144913206.0,142238493.0,132222986.0,119378754.0,90852492.0,168602386.0,168687605.0,161747076.0,148519448.0,133006368.0,100088432.0,225529833.0,223464430.0,200804298.0,178379876.0,156403343.0,114509475.0,48368.0,22649.0,14443.0,2483.0,2219.0,1363.0
gCSD17_DEN_18_2,144544039.0,145169134.0,142602369.0,132658942.0,119864792.0,91374640.0,168717677.0,168808861.0,161923213.0,148740388.0,133267439.0,100386134.0,225530993.0,223465815.0,200806801.0,178382542.0,156406267.0,114512785.0,48603.0,22748.0,17297.0,15260.0,13404.0,10041.0
gCSD17_DEN_19_1,0.0,94143406.0,89432732.0,0.0,,,0.0,113411513.0,106622854.0,0.0,,,0.0,159330001.0,143330205.0,0.0,,,0.0,26374.0,11468.0,0.0,,
gCSD17_DEN_19_2,0.0,93945779.0,89499529.0,82672852.0,74705600.0,57432903.0,0.0,113182895.0,106576914.0,97707588.0,87749717.0,66712563.0,0.0,159331211.0,143332150.0,127461990.0,111836261.0,81875931.0,0.0,26421.0,15718.0,13157.0,11103.0,7849.0
gCSD17_DEN_1_1,92633427.0,92567324.0,87205450.0,79552283.0,71091231.0,53622322.0,110908620.0,110460178.0,102138670.0,91996113.0,81330732.0,60179609.0,143601258.0,142165464.0,126497713.0,111182117.0,96399712.0,69033683.0,48939.0,23399.0,15669.0,14110.0,13638.0,11755.0
gCSD17_DEN_1_2,0.0,0.0,87219639.0,0.0,71126234.0,,0.0,0.0,102127269.0,0.0,81341272.0,,0.0,0.0,126493236.0,0.0,96395948.0,,0.0,0.0,16114.0,0.0,14689.0,
gCSD17_DEN_20_1,0.0,0.0,44155461.0,,,,0.0,0.0,48383649.0,,,,0.0,0.0,56321574.0,,,,0.0,0.0,2425.0,,,
gCSD17_DEN_20_2,44873412.0,44943871.0,43396601.0,39952635.0,35812566.0,26979130.0,50550352.0,50471616.0,47756762.0,43538235.0,38797401.0,29004018.0,63290468.0,62708568.0,56322199.0,49988560.0,43770791.0,31929858.0,14384.0,14237.0,12655.0,11426.0,10065.0,3835.0
gCSD17_DEN_21_1,127297577.0,127344911.0,121677514.0,111711220.0,100119339.0,75522599.0,147048716.0,146694224.0,137889104.0,125458610.0,111724077.0,83445428.0,184659495.0,182977694.0,164533591.0,146244343.0,128243683.0,93779376.0,122433.0,58136.0,46768.0,7640.0,1882.0,1260.0
gCSD17_DEN_21_2,0.0,0.0,122016945.0,112128171.0,100583783.0,76017164.0,0.0,0.0,138019528.0,125641178.0,111945523.0,83704851.0,0.0,0.0,164538000.0,146248965.0,128248358.0,93783853.0,0.0,0.0,46732.0,11485.0,10074.0,7540.0
gCSD17_DEN_22_1,0.0,0.0,68126121.0,62182095.0,,,0.0,0.0,75419286.0,68358175.0,,,0.0,0.0,86100039.0,76649847.0,,,0.0,0.0,4762.0,3751.0,,
gCSD17_DEN_22_2,72284102.0,72126204.0,68018109.0,62172055.0,55597387.0,41853424.0,81127731.0,80793565.0,75272865.0,68288615.0,60726815.0,45317291.0,96472511.0,95607475.0,86102501.0,76652310.0,67336346.0,49450871.0,8222.0,7552.0,6506.0,5745.0,5038.0,3759.0
gCSD17_DEN_23_1,113709995.0,113705745.0,106867466.0,97621727.0,87500097.0,66458237.0,136791970.0,136305368.0,126237749.0,114212666.0,101519488.0,75917296.0,175131141.0,173507616.0,155723459.0,138146896.0,120915983.0,88138318.0,80162.0,38594.0,26980.0,6218.0,5776.0,3892.0
gCSD17_DEN_23_2,0.0,0.0,0.0,,,,0.0,0.0,0.0,,,,0.0,0.0,0.0,,,,0.0,0.0,0.0,,,
gCSD17_DEN_2_1,132778457.0,133196961.0,129571980.0,119568552.0,107194783.0,80441633.0,151794281.0,151723066.0,144243362.0,131482462.0,116916409.0,86746551.0,197295164.0,195403386.0,174669684.0,154234706.0,134359886.0,97039238.0,68389.0,32119.0,21336.0,2771.0,1272.0,984.0
gCSD17_DEN_2_2,132467203.0,132885891.0,129286814.0,119318618.0,106979261.0,80300723.0,151566952.0,151498289.0,144057979.0,131334147.0,116798503.0,86680748.0,197290153.0,195398285.0,174664051.0,154229325.0,134355208.0,97035118.0,68740.0,32266.0,21336.0,9748.0,8624.0,6492.0
gCSD17_DEN_3_1,87539984.0,87473870.0,82787183.0,75986907.0,68214225.0,51721089.0,103345868.0,103021803.0,96424130.0,87858600.0,78403156.0,58821794.0,141663341.0,140330280.0,125718701.0,111273415.0,97137264.0,70364930.0,21397.0,19602.0,7751.0,4309.0,4254.0,3593.0
gCSD17_DEN_4_1,37390190.0,0.0,35545109.0,32270788.0,,,41282825.0,0.0,38407314.0,34545584.0,,,49701508.0,0.0,43825397.0,38505587.0,,,2575.0,0.0,1627.0,1426.0,,
gCSD17_DEN_4_2,36905247.0,36913303.0,35185014.0,31987165.0,28290796.0,20714478.0,40922869.0,40808990.0,38145625.0,34347797.0,30203262.0,21952022.0,49700022.0,49208884.0,43823853.0,38504186.0,33330641.0,23717395.0,4937.0,4908.0,4480.0,4193.0,3920.0,1383.0
gCSD17_DEN_5_1,117460009.0,117404255.0,111390267.0,101665671.0,90572915.0,67470176.0,132926929.0,132504520.0,123697868.0,111861259.0,98996612.0,72988303.0,162447112.0,160905477.0,144018650.0,127334321.0,111014141.0,80180588.0,175822.0,83486.0,68128.0,10830.0,1312.0,779.0
gCSD17_DEN_5_2,0.0,117328161.0,111325871.0,47318319.0,90535846.0,,0.0,132448378.0,123657111.0,50792961.0,98983455.0,,0.0,160901248.0,144013993.0,55535803.0,111010011.0,,0.0,83940.0,68577.0,4854.0,7849.0,
gCSD17_DEN_6_1,0.0,0.0,61719975.0,56019243.0,49727021.0,36849047.0,0.0,0.0,67229790.0,60575984.0,53479779.0,39307284.0,0.0,0.0,75334985.0,66697460.0,58233471.0,42216177.0,0.0,0.0,3551.0,1013.0,819.0,553.0
gCSD17_DEN_6_2,65887559.0,65696082.0,61521256.0,55854519.0,49594009.0,36780807.0,72818999.0,72472687.0,67087043.0,60467158.0,53397695.0,39272328.0,84837562.0,84044212.0,75332358.0,66694924.0,58231216.0,42214349.0,8306.0,6815.0,5795.0,5110.0,4483.0,3325.0
gCSD17_DEN_7_1,0.0,0.0,,,,,0.0,0.0,,,,,0.0,0.0,,,,,0.0,0.0,,,,
gCSD17_DEN_7_2,107598701.0,107525577.0,100672566.0,91573644.0,81686721.0,61370293.0,126580351.0,126061651.0,116238534.0,104662407.0,92549070.0,68443608.0,157675234.0,156159710.0,139564219.0,123219215.0,107303560.0,77414122.0,109862.0,52773.0,39516.0,9013.0,7917.0,5953.0
gCSD17_DEN_8_1,144313303.0,144486164.0,138297675.0,126997379.0,113844589.0,86055401.0,174053577.0,173758131.0,163995061.0,149762927.0,133969790.0,101396340.0,280553181.0,277990588.0,249938928.0,222174247.0,194885212.0,142659203.0,104780.0,49386.0,28033.0,11582.0,11078.0,5970.0
gCSD17_DEN_8_2,145469258.0,145672607.0,139725191.0,128564436.0,115473191.0,87626737.0,174816047.0,174536236.0,164903108.0,150753160.0,135000075.0,102388618.0,280545501.0,277983180.0,249934454.0,222172315.0,194884733.0,142658639.0,104146.0,49109.0,27880.0,22383.0,19635.0,14539.0
gCSD17_DEN_9_1,1802494.0,1792717.0,1874904.0,91442162.0,82649573.0,,2000052.0,1987681.0,2065033.0,112301272.0,100797847.0,,2256904.0,2238074.0,2292428.0,159677231.0,139810086.0,,215.0,198.0,147.0,14865.0,14391.0,
gCSD17_DEN_9_2,103258456.0,103338433.0,99494357.0,92370686.0,83691596.0,64609952.0,130109245.0,129842808.0,122872657.0,112820985.0,101402599.0,77352669.0,202522824.0,200625191.0,179986484.0,159675595.0,139809511.0,102056503.0,32314.0,31692.0,26555.0,22863.0,19689.0,14059.0
gCSD17_MIN_1_1,235662087.0,236785459.0,223771949.0,204070276.0,182576501.0,138153340.0,288987618.0,288684016.0,267869483.0,242022754.0,214948562.0,160550559.0,371498251.0,368098889.0,331019427.0,294350436.0,258246678.0,188926846.0,30813.0,29277.0,21445.0,20292.0,19616.0,15112.0
gCSD17_MIN_1_2,237662114.0,238815859.0,226096087.0,206577526.0,185135482.0,140528519.0,290105572.0,289809879.0,269117880.0,243353158.0,216298184.0,161798045.0,371490720.0,368091858.0,331017163.0,294351632.0,258249620.0,188928231.0,58462.0,57392.0,48106.0,41216.0,35275.0,25342.0
gCSD17_MIN_2_1,249567992.0,250659112.0,235687680.0,214400282.0,191661777.0,145326724.0,306830241.0,306412998.0,283204448.0,255364956.0,226634230.0,169556229.0,396592320.0,392910828.0,352801467.0,313406562.0,274767892.0,200969817.0,444329.0,208505.0,68043.0,44185.0,43156.0,20440.0
gCSD17_MIN_2_2,251609510.0,252740980.0,238117340.0,217038789.0,194357725.0,147832538.0,307986974.0,307583380.0,284525875.0,256785008.0,228075282.0,170876084.0,396582563.0,392901561.0,352797419.0,313407210.0,274771142.0,200972657.0,443758.0,208238.0,67912.0,44244.0,43108.0,25047.0
gCSD17_MIN_3_1,219264964.0,220126810.0,208838478.0,191546634.0,172562493.0,133025994.0,289695979.0,289353496.0,269632960.0,244780096.0,218567215.0,165504689.0,429165110.0,425116108.0,381050502.0,337706568.0,295329626.0,214946047.0,51910.0,49532.0,36188.0,34694.0,33464.0,25734.0
gCSD17_MIN_3_2,221553162.0,222463734.0,211605340.0,194561338.0,175633316.0,135842011.0,291091601.0,290768290.0,271248964.0,246503259.0,220298020.0,167061009.0,429153998.0,425105478.0,381044610.0,337704836.0,295330193.0,214946663.0,51750.0,51062.0,44471.0,38923.0,33776.0,24595.0
gCSD17_MIN_4_1,378169397.0,381322107.0,361538021.0,328893521.0,293345514.0,220539020.0,453070325.0,453561008.0,421804515.0,380631184.0,337594770.0,251624789.0,557358001.0,552406631.0,498054977.0,444069839.0,390806733.0,288016854.0,9659.0,9132.0,6889.0,6402.0,6068.0,4652.0
gCSD17_MIN_4_2,0.0,384241251.0,364838439.0,332447344.0,296986965.0,224001763.0,0.0,455185613.0,423560277.0,382501741.0,339509048.0,253443095.0,0.0,552396391.0,498052598.0,444074675.0,390815402.0,288024810.0,0.0,58393.0,51099.0,45205.0,39762.0,29893.0
gCSD17_MIN_5_1,45172428.0,,,,,,54526597.0,,,,,,67345109.0,,,,,,9873.0,,,,,
gCSD17_MIN_5_2,0.0,0.0,98276860.0,0.0,130985671.0,,0.0,0.0,121507322.0,0.0,164400276.0,,0.0,0.0,157671810.0,0.0,219513838.0,,0.0,0.0,19059.0,0.0,32100.0,
gCSD17_MIN_6_1,0.0,0.0,0.0,0.0,,,0.0,0.0,0.0,0.0,,,0.0,0.0,0.0,0.0,,,0.0,0.0,0.0,0.0,,
gCSD17_MIN_6_2,259633049.0,261227815.0,247602096.0,226167878.0,202640212.0,153777699.0,321151365.0,321042338.0,298033317.0,269245956.0,239101992.0,178573354.0,414650009.0,410854077.0,369332019.0,328183989.0,287646974.0,209968312.0,45973.0,45369.0,39764.0,35079.0,30769.0,22804.0
gCSD17_NYC_10_1,216894864.0,217511817.0,214100462.0,203495451.0,188667360.0,151523643.0,273953386.0,273953839.0,265266545.0,249352473.0,229167880.0,181862230.0,462050458.0,458420103.0,418515957.0,378658084.0,338816295.0,259176607.0,48953.0,41695.0,14217.0,7071.0,4542.0,3081.0
gCSD17_NYC_10_2,220537188.0,221232571.0,218336109.0,207867033.0,192948837.0,155302470.0,276502288.0,276545718.0,268101923.0,252192726.0,231894495.0,184210639.0,462037533.0,458407009.0,418499868.0,378639522.0,338795875.0,259155185.0,50811.0,49428.0,38574.0,31909.0,26659.0,18346.0
gCSD17_NYC_11_1,321717531.0,323304238.0,318622695.0,301663277.0,278996920.0,224298594.0,413396531.0,414110972.0,401183237.0,375214330.0,343449039.0,271285000.0,625548636.0,620585466.0,566011237.0,511479419.0,456984713.0,348191889.0,98263.0,97029.0,84823.0,74020.0,64044.0,44406.0
gCSD17_NYC_11_2,327238263.0,328977176.0,325249522.0,308647032.0,285955147.0,230543526.0,417176266.0,417963383.0,405451600.0,379578114.0,347707699.0,275002607.0,625531438.0,620568007.0,565989017.0,511453230.0,456955563.0,348161382.0,96327.0,95060.0,82890.0,71971.0,62153.0,42979.0
gCSD17_NYC_12_1,291857924.0,292145209.0,279365465.0,258754103.0,235064268.0,183102190.0,343659575.0,343018867.0,323874699.0,297853311.0,269127241.0,207819067.0,435668180.0,432184755.0,393871975.0,355570374.0,317279057.0,240734594.0,18152.0,16526.0,9625.0,5885.0,3730.0,2016.0
gCSD17_NYC_12_2,0.0,107436786.0,93587240.0,206190322.0,238287402.0,186005498.0,0.0,121313929.0,104491449.0,233396130.0,270958311.0,209432910.0,0.0,143610214.0,120210977.0,272946156.0,317255995.0,240710328.0,0.0,10035.0,7126.0,21011.0,23577.0,16737.0
gCSD17_NYC_13_1,307623660.0,308622276.0,296698681.0,276128421.0,251969607.0,197879199.0,377713935.0,377396203.0,357340180.0,329828723.0,299098866.0,232724716.0,519335427.0,515191932.0,469663304.0,424214856.0,378788266.0,288002720.0,31704.0,29943.0,17710.0,11807.0,7759.0,3006.0
gCSD17_NYC_13_2,311743926.0,312815173.0,301379741.0,280966399.0,256752672.0,202174013.0,380333091.0,380044368.0,360180002.0,332694995.0,301885767.0,235169512.0,519319653.0,515175954.0,469643382.0,424191677.0,378762504.0,287975690.0,69443.0,67688.0,53612.0,44652.0,37421.0,25615.0
gCSD17_NYC_14_1,317099828.0,317482786.0,302293596.0,278844613.0,252199307.0,194441119.0,370036714.0,369235370.0,346721963.0,317531387.0,285731843.0,218697735.0,449103952.0,445492403.0,405770401.0,366061059.0,326361078.0,247004726.0,22969.0,19332.0,8765.0,7169.0,5744.0,3549.0
gCSD17_NYC_14_2,268601495.0,268698115.0,255257729.0,214321896.0,197790258.0,197230740.0,309186736.0,308350179.0,289001170.0,240290365.0,220724361.0,220188882.0,368794050.0,365830559.0,333196460.0,272211677.0,248041979.0,246979043.0,35065.0,34368.0,28588.0,21541.0,19116.0,17991.0
gCSD17_NYC_15_1,0.0,0.0,0.0,156695195.0,143280320.0,113178138.0,0.0,0.0,0.0,188490736.0,171435244.0,134551507.0,0.0,0.0,0.0,264631005.0,236616890.0,180611533.0,0.0,0.0,0.0,3029.0,1834.0,1063.0
gCSD17_NYC_15_2,0.0,0.0,170958804.0,159687785.0,146226630.0,115819070.0,0.0,0.0,205578766.0,190365702.0,173257964.0,136155815.0,0.0,0.0,292638444.0,264615270.0,236599406.0,180593288.0,0.0,0.0,25147.0,21358.0,18300.0,13068.0
gCSD17_NYC_16_1,0.0,0.0,0.0,0.0,0.0,,0.0,0.0,0.0,0.0,0.0,,0.0,0.0,0.0,0.0,0.0,,0.0,0.0,0.0,0.0,0.0,
gCSD17_NYC_16_2,174114719.0,174547344.0,171861120.0,163371058.0,151600814.0,122439982.0,222328519.0,222266415.0,214976742.0,201917030.0,185673029.0,148107765.0,407541616.0,404306449.0,368888745.0,333701272.0,298532460.0,228230748.0,57394.0,56260.0,46762.0,39842.0,33832.0,23173.0
gCSD17_NYC_17_1,471654723.0,475291047.0,467854416.0,442192400.0,408830907.0,328935954.0,612196469.0,613476017.0,590370623.0,550728710.0,504030912.0,398973246.0,925392287.0,918074736.0,837695708.0,757464692.0,677251569.0,516876063.0,29825.0,28052.0,15599.0,9838.0,6187.0,3405.0
gCSD17_NYC_17_2,479169011.0,482961350.0,476416249.0,450974532.0,417456111.0,336567236.0,617242456.0,618586392.0,595815326.0,556153685.0,509248735.0,403443692.0,925365670.0,918047778.0,837661951.0,757425274.0,677207747.0,516829816.0,93761.0,91691.0,74730.0,63140.0,53580.0,37841.0
gCSD17_NYC_18_1,122371342.0,122750708.0,121159948.0,116490664.0,110367451.0,95207249.0,213746789.0,213904830.0,208211939.0,197825798.0,185184403.0,155250879.0,569637976.0,565053869.0,515105005.0,465742136.0,416392184.0,317723012.0,111334.0,110780.0,37075.0,36608.0,35775.0,34689.0
gCSD17_NYC_18_2,125913572.0,126433131.0,125904479.0,121745506.0,115727283.0,100080605.0,216350886.0,216610536.0,211674287.0,201605861.0,188968359.0,158529327.0,569625367.0,565041139.0,515089910.0,465725146.0,416373625.0,317703468.0,78200.0,74768.0,58044.0,49873.0,42583.0,31365.0
gCSD17_NYC_19_1,363874783.0,365688411.0,366007339.0,352112474.0,329568817.0,268580634.0,460308066.0,461280385.0,453701831.0,430418003.0,397723389.0,317040548.0,678587359.0,673309008.0,615254522.0,557235232.0,499250846.0,383369791.0,126535.0,103855.0,29948.0,12666.0,7728.0,2946.0
gCSD17_NYC_19_2,370176224.0,372153047.0,373601010.0,360032709.0,337325638.0,275334256.0,464680800.0,465733675.0,458594593.0,435264487.0,402303752.0,320876392.0,678569664.0,673291051.0,615231005.0,557206861.0,499218456.0,383335144.0,117567.0,97535.0,74179.0,61731.0,51933.0,36521.0
gCSD17_NYC_1_1,0.0,0.0,,,,,0.0,0.0,,,,,0.0,0.0,,,,,0.0,0.0,,,,
gCSD17_NYC_1_2,257717428.0,258000786.0,247431209.0,229712922.0,208850457.0,162390597.0,298234700.0,297681701.0,281575382.0,259424279.0,234542969.0,180885460.0,367748779.0,364816509.0,332566125.0,300332298.0,268110725.0,203709678.0,34612.0,33767.0,27170.0,22785.0,19328.0,13574.0
gCSD17_NYC_20_1,285050753.0,286278054.0,284407948.0,272230060.0,253993200.0,206430007.0,360498777.0,360910544.0,352118731.0,332668482.0,307011870.0,245367697.0,570165775.0,565730898.0,516958032.0,468212827.0,419489304.0,322098693.0,74498.0,61696.0,17744.0,7960.0,5168.0,2117.0
gCSD17_NYC_20_2,290151025.0,291485665.0,290296305.0,278286909.0,259921284.0,211626286.0,364119130.0,364581736.0,356049748.0,336559263.0,310721186.0,248513267.0,570151246.0,565716197.0,516939344.0,468190651.0,419464466.0,322072558.0,67089.0,65442.0,52544.0,44049.0,37245.0,26067.0
gCSD17_NYC_2_1,347884954.0,348683969.0,334659124.0,310569177.0,282384809.0,219983486.0,410529371.0,409977577.0,387476533.0,356619064.0,322299888.0,248849262.0,511587925.0,507518874.0,462768588.0,418036594.0,373316624.0,283921865.0,29852.0,24795.0,10635.0,6112.0,5004.0,3219.0
gCSD17_NYC_2_2,351166897.0,352016736.0,338337331.0,314359015.0,286133210.0,223375046.0,412575167.0,412038621.0,389628587.0,358763243.0,324377961.0,250685458.0,511570099.0,507500782.0,462745524.0,418009361.0,373286217.0,283889995.0,52182.0,51081.0,42106.0,36092.0,30971.0,22193.0
gCSD17_NYC_3_1,200245740.0,201093957.0,199899684.0,192443317.0,181888026.0,154216044.0,308287086.0,308336437.0,298538880.0,281893614.0,261910956.0,214985522.0,631877578.0,626888510.0,572011950.0,517140698.0,462274242.0,352565421.0,3119.0,2924.0,1571.0,927.0,554.0,324.0
gCSD17_NYC_3_2,86029524.0,86008385.0,206984778.0,199826140.0,189150815.0,160540960.0,115911131.0,115533934.0,303456433.0,286883449.0,266723127.0,219037527.0,173365089.0,171995451.0,571993510.0,517119782.0,462251387.0,352541851.0,9691.0,9577.0,43802.0,38575.0,33823.0,25120.0
gCSD17_NYC_4_1,151378841.0,101236472.0,68240773.0,70226834.0,125346216.0,98581785.0,187723735.0,121350184.0,79727589.0,81855005.0,150742742.0,117399924.0,265512507.0,161472672.0,98546888.0,99740281.0,192748056.0,146161526.0,83445.0,50560.0,7108.0,7094.0,13719.0,12243.0
gCSD17_NYC_4_2,0.0,0.0,148322411.0,139088528.0,127475964.0,100497307.0,0.0,0.0,179829454.0,166997827.0,151904890.0,118408098.0,0.0,0.0,239381457.0,216046743.0,192735145.0,146148190.0,0.0,0.0,40469.0,33653.0,27502.0,16710.0
gCSD17_NYC_5_1,236512164.0,237840484.0,237921558.0,229480527.0,216097127.0,179291336.0,330771961.0,331406755.0,324715190.0,308306421.0,286349864.0,231937016.0,637319328.0,632221416.0,576276231.0,520508299.0,464763936.0,353344308.0,40663.0,38263.0,21340.0,13354.0,8399.0,4085.0
gCSD17_NYC_5_2,241755052.0,243208919.0,244127310.0,235957523.0,222483810.0,184895988.0,334694042.0,335399609.0,329127854.0,312761603.0,290628287.0,235544480.0,637303756.0,632205678.0,576257064.0,520486290.0,464739646.0,353319004.0,86173.0,83808.0,65430.0,54132.0,45255.0,31070.0
gCSD17_NYC_6_1,293376099.0,294813163.0,287822790.0,271287909.0,250487957.0,201358983.0,381132249.0,381374945.0,366043929.0,341711121.0,313241335.0,249137173.0,633236510.0,628222051.0,573101867.0,518042932.0,463010368.0,353011173.0,45650.0,43180.0,25075.0,16106.0,10296.0,4015.0
gCSD17_NYC_6_2,298349550.0,299895314.0,293598359.0,277295553.0,256432968.0,206676767.0,384640365.0,384936441.0,369915821.0,345626909.0,317039575.0,252435356.0,633218196.0,628203514.0,573079132.0,518016808.0,462981602.0,352981075.0,85580.0,83099.0,63678.0,51854.0,42671.0,28346.0
gCSD17_NYC_7_1,377503898.0,379508551.0,365482218.0,339454107.0,309145060.0,242074989.0,462530504.0,462540795.0,436948705.0,401840922.0,363336412.0,281359959.0,597880380.0,593112475.0,540714791.0,488382678.0,436062645.0,331464658.0,19617.0,18406.0,10192.0,6502.0,4092.0,3425.0
gCSD17_NYC_7_2,0.0,0.0,0.0,0.0,0.0,,0.0,0.0,0.0,0.0,0.0,,0.0,0.0,0.0,0.0,0.0,,0.0,0.0,0.0,0.0,0.0,
gCSD17_NYC_8_1,0.0,0.0,,,,,0.0,0.0,,,,,0.0,0.0,,,,,0.0,0.0,,,,
gCSD17_NYC_8_2,235175137.0,236073720.0,232206838.0,220390978.0,204284913.0,164364330.0,298515060.0,298541327.0,287764659.0,269559768.0,247362253.0,196269501.0,525472782.0,521316783.0,475614841.0,429939049.0,384275444.0,292990036.0,58122.0,56739.0,45508.0,38104.0,32069.0,22555.0
gCSD17_NYC_9_1,227144175.0,227658553.0,224025887.0,212975410.0,197159431.0,157019403.0,278024837.0,278052947.0,270098349.0,254259504.0,233411289.0,183667476.0,412508389.0,409232695.0,373218456.0,337242033.0,301285439.0,229427806.0,68349.0,56784.0,18240.0,6997.0,4288.0,1640.0
gCSD17_NYC_9_2,230528316.0,231108600.0,227917290.0,216942735.0,201004238.0,160367849.0,280387024.0,280447215.0,272647340.0,256736398.0,235733662.0,185618904.0,412496101.0,409220218.0,373202700.0,337223463.0,301264749.0,229406177.0,60579.0,54621.0,39402.0,32539.0,27319.0,18885.0
gCSD17_SAN_10_1,11241866.0,11214843.0,126270931.0,114972045.0,,,12564240.0,12523924.0,155469133.0,140255782.0,,,14163019.0,14103705.0,205163908.0,181445289.0,,,1900.0,1863.0,24811.0,23615.0,,
gCSD17_SAN_10_2,134421319.0,134506711.0,126580790.0,115415175.0,103213788.0,78037043.0,168624682.0,168078525.0,155519108.0,140398709.0,124525191.0,92664469.0,231328701.0,229136462.0,205165924.0,181447986.0,158105311.0,113732418.0,30692.0,30537.0,28748.0,27852.0,26984.0,20364.0
gCSD17_SAN_11_1,187582253.0,184169055.0,155110166.0,111353574.0,13978648.0,133875477.0,210449826.0,205506300.0,170540199.0,121388262.0,14914339.0,146634850.0,238390216.0,231209255.0,188122266.0,132539888.0,15908780.0,160802421.0,2880.0,2692.0,1546.0,1079.0,119.0,1615.0
gCSD17_SAN_11_2,0.0,241788135.0,225847361.0,203959450.0,180880636.0,134643932.0,0.0,273282296.0,251330262.0,225488645.0,199037171.0,147032754.0,0.0,312456827.0,281273683.0,250260523.0,219648336.0,160812833.0,0.0,26007.0,22807.0,20182.0,17767.0,13370.0
gCSD17_SAN_12_1,1876921.0,1864853.0,1687610.0,27472590.0,24393327.0,18202678.0,2011103.0,1996473.0,1796945.0,30686895.0,27025992.0,19899887.0,2222233.0,2202333.0,1959772.0,35941030.0,31190519.0,22370296.0,4327.0,4186.0,2594.0,29174.0,12231.0,10205.0
gCSD17_SAN_12_2,521546.0,517389.0,29680471.0,26970583.0,24026460.0,18040431.0,553444.0,548589.0,33675130.0,30264514.0,26726060.0,19787547.0,602736.0,596628.0,40832027.0,35940996.0,31190470.0,22370347.0,988.0,959.0,43950.0,21006.0,19306.0,10552.0
gCSD17_SAN_13_1,0.0,0.0,0.0,54465615.0,48268669.0,,0.0,0.0,0.0,59819270.0,52767529.0,,0.0,0.0,0.0,67319113.0,58839675.0,,0.0,0.0,0.0,9860.0,9437.0,
gCSD17_SAN_13_2,64035989.0,63817477.0,59443657.0,53798075.0,47735362.0,35534983.0,71959289.0,71582776.0,65949312.0,59308546.0,52380749.0,38707636.0,85542692.0,84739390.0,75968811.0,67319390.0,58839898.0,42741107.0,22703.0,22549.0,20757.0,19642.0,18297.0,8614.0
gCSD17_SAN_14_1,153787560.0,154220402.0,145878200.0,133435827.0,119701230.0,90900674.0,188631293.0,188222399.0,174641951.0,157971209.0,140396120.0,104826350.0,247712986.0,245401628.0,220051316.0,194936875.0,170281682.0,123406147.0,87027.0,40974.0,34203.0,9017.0,6903.0,4831.0
gCSD17_SAN_14_2,154357521.0,154810293.0,146668405.0,134334063.0,120641577.0,91795933.0,188907191.0,188507977.0,175043057.0,158442115.0,140898332.0,105315610.0,247713572.0,245402479.0,220053628.0,194939317.0,170284338.0,123409230.0,87230.0,41069.0,34367.0,16525.0,14446.0,10668.0
gCSD17_SAN_15_1,190515375.0,190643931.0,179051871.0,162738972.0,144975123.0,108525947.0,216368915.0,215738329.0,199980094.0,180587733.0,160118433.0,119009508.0,256155776.0,253863836.0,228681291.0,203644893.0,178947037.0,131469883.0,26590.0,24413.0,12070.0,6321.0,3759.0,1885.0
gCSD17_SAN_15_2,190431787.0,190580075.0,179209845.0,163049256.0,145377201.0,109013191.0,216213039.0,215593783.0,199978765.0,180695933.0,160302168.0,119277953.0,256158309.0,253866679.0,228685668.0,203649378.0,178951733.0,131474955.0,27289.0,26869.0,23267.0,20512.0,18046.0,13538.0
gCSD17_SAN_16_2,69134819.0,68879307.0,63524382.0,57184055.0,50621038.0,37635060.0,77443488.0,76977909.0,70258864.0,62914556.0,55475470.0,40976716.0,88805439.0,87984471.0,79024055.0,70181965.0,61489780.0,44905246.0,13020.0,12931.0,11405.0,10678.0,9787.0,4312.0
gCSD17_SAN_1_1,0.0,0.0,0.0,47578812.0,,,0.0,0.0,0.0,53564054.0,,,0.0,0.0,0.0,62167237.0,,,0.0,0.0,0.0,23648.0,,
gCSD17_SAN_1_2,0.0,0.0,,,,,0.0,0.0,,,,,0.0,0.0,,,,,0.0,0.0,,,,
gCSD17_SAN_2_1,364939388.0,369601681.0,357100488.0,329031525.0,296671100.0,227568406.0,465698364.0,467509284.0,439940617.0,399844490.0,356673841.0,268649567.0,625412222.0,619768362.0,557783315.0,496285127.0,435812859.0,320051889.0,25261.0,22297.0,7444.0,4102.0,3987.0,3325.0
gCSD17_SAN_2_2,368776306.0,373515887.0,361615183.0,333869364.0,301553369.0,232000301.0,467977222.0,469803297.0,442462083.0,402497577.0,359326229.0,271034328.0,625400765.0,619757665.0,557780694.0,496290319.0,435822858.0,320060933.0,69814.0,69006.0,61332.0,54616.0,48236.0,36434.0
gCSD17_SAN_3_1,5546702.0,24248760.0,22086450.0,19799677.0,17501691.0,13084226.0,5896027.0,26499009.0,24024522.0,21469572.0,18925417.0,14071077.0,6752282.0,31423467.0,28060308.0,24854149.0,21712031.0,15746947.0,7743.0,35687.0,26726.0,26057.0,25422.0,23482.0
gCSD17_SAN_4_1,100863092.0,100325612.0,92194515.0,82826185.0,73173182.0,54224751.0,115477805.0,114697569.0,104520266.0,93429396.0,82203403.0,60466142.0,137631396.0,136311449.0,122005385.0,107996806.0,94283518.0,68321559.0,44977.0,41975.0,32403.0,31387.0,30107.0,27474.0
gCSD17_SAN_4_2,101031586.0,100501047.0,92413595.0,83075800.0,73443581.0,54513354.0,115522929.0,114746229.0,104589258.0,93518271.0,82308738.0,60590830.0,137633567.0,136313859.0,122009174.0,108000897.0,94287711.0,68325771.0,34284.0,34258.0,33956.0,33055.0,32232.0,27650.0
gCSD17_SAN_5_1,0.0,0.0,0.0,94979808.0,,,0.0,0.0,0.0,106516305.0,,,0.0,0.0,0.0,121463680.0,,,0.0,0.0,0.0,12365.0,,
gCSD17_SAN_5_2,114300241.0,113919546.0,105860247.0,95280439.0,83956469.0,61397953.0,130428520.0,129754889.0,119237251.0,106649184.0,93544773.0,67891923.0,155723317.0,154203910.0,137687864.0,121467934.0,105584337.0,75603271.0,14749.0,14712.0,14430.0,13698.0,12688.0,8616.0
gCSD17_SAN_6_1,,53021083.0,51784532.0,48618141.0,44442752.0,34568763.0,,62315832.0,59940666.0,55682893.0,50441479.0,38607722.0,,94863248.0,84832871.0,74962120.0,65310099.0,47114165.0,,15123.0,9737.0,6345.0,5974.0,4770.0
gCSD17_SAN_6_2,,,51397210.0,48247301.0,44109991.0,,,,59605560.0,55376722.0,50183537.0,,,,84834435.0,74963727.0,65311824.0,,,,9767.0,9289.0,8736.0,
gCSD17_SAN_7_1,195839234.0,195501714.0,180419083.0,161957249.0,142812606.0,105005310.0,221303918.0,220220167.0,201061681.0,179621994.0,157840267.0,115403108.0,254001236.0,251660408.0,225951473.0,200403861.0,175226393.0,127130023.0,31315.0,30332.0,20069.0,13756.0,9187.0,4254.0
gCSD17_SAN_7_2,196218074.0,195884526.0,180897360.0,162497716.0,143390803.0,105609748.0,221464095.0,220382018.0,201274772.0,179873964.0,158120594.0,115710921.0,254005317.0,251664846.0,225957969.0,200410436.0,175233037.0,127136552.0,31390.0,30426.0,20281.0,16624.0,14579.0,10977.0
gCSD17_SAN_8_1,185523215.0,185718295.0,174036687.0,157804773.0,140362882.0,104917178.0,215482870.0,214764122.0,197844771.0,177862066.0,157219864.0,116377040.0,255058261.0,252738698.0,227269476.0,201992430.0,177109838.0,129488753.0,7050.0,6700.0,4732.0,4364.0,4148.0,3707.0
gCSD17_SAN_8_2,186010070.0,186214819.0,174670049.0,158518831.0,141114687.0,105668899.0,215671343.0,214955551.0,198111562.0,178182696.0,157574375.0,116755128.0,255062982.0,252743794.0,227276750.0,201999896.0,177117250.0,129495624.0,22902.0,22636.0,20092.0,17861.0,15819.0,12021.0
gCSD17_SAN_9_1,241013331.0,242327637.0,232299213.0,214212554.0,193417683.0,148574522.0,294800219.0,294723799.0,276253029.0,251459224.0,224678448.0,169438205.0,382793130.0,379358990.0,341618647.0,304077545.0,267016221.0,195732676.0,3761.0,2589.0,1421.0,654.0,498.0,306.0
gCSD17_SAN_9_2,242208965.0,243539034.0,233631097.0,215578821.0,194765035.0,149785278.0,295497717.0,295422897.0,276984845.0,252191907.0,225392011.0,170076777.0,382797596.0,379363939.0,341626089.0,304085333.0,267024030.0,195740255.0,33860.0,33416.0,29415.0,26121.0,23074.0,17331.0
